t_s,left_hip_yaw,left_hip_roll,left_hip_pitch,left_knee,left_ankle,neck_pitch,head_pitch,head_yaw,head_roll,right_hip_yaw,right_hip_roll,right_hip_pitch,right_knee,right_ankle
0.00,0.0021,-0.2674,-0.4073,-0.1054,0.5105,0.2717,0.3586,-0.0309,0.0262,-0.0093,0.2708,0.3921,0.0925,-0.4592
0.02,0.0021,-0.2677,-0.4083,-0.1043,0.5126,0.2717,0.3586,-0.0309,0.0262,-0.0093,0.2705,0.3911,0.0925,-0.4582
0.04,0.0021,-0.2686,-0.4092,-0.1010,0.5168,0.2717,0.3586,-0.0309,0.0262,-0.0093,0.2696,0.3902,0.0925,-0.4573
0.06,0.0021,-0.2700,-0.4098,-0.0958,0.5227,0.2717,0.3586,-0.0309,0.0262,-0.0093,0.2682,0.3896,0.0925,-0.4567
0.08,0.0021,-0.2718,-0.4102,-0.0890,0.5298,0.2717,0.3586,-0.0309,0.0262,-0.0093,0.2664,0.3892,0.0925,-0.4563
0.10,0.0021,-0.2739,-0.4102,-0.0811,0.5377,0.2717,0.3586,-0.0309,0.0262,-0.0093,0.2643,0.3892,0.0925,-0.4563
0.12,0.0021,-0.2761,-0.4099,-0.0728,0.5456,0.2717,0.3586,-0.0309,0.0262,-0.0093,0.2621,0.3895,0.0925,-0.4566
0.14,0.0021,-0.2782,-0.4090,-0.0647,0.5529,0.2717,0.3586,-0.0309,0.0262,-0.0093,0.2600,0.3904,0.0925,-0.4575
0.16,0.0021,-0.2802,-0.4078,-0.0575,0.5589,0.2717,0.3586,-0.0309,0.0262,-0.0093,0.2580,0.3916,0.0925,-0.4587
0.18,0.0021,-0.2817,-0.4062,-0.0518,0.5629,0.2717,0.3586,-0.0309,0.0262,-0.0093,0.2565,0.3932,0.0925,-0.4603
0.20,0.0021,-0.2826,-0.4042,-0.0483,0.5645,0.2717,0.3586,-0.0309,0.0262,-0.0093,0.2556,0.3952,0.0925,-0.4623
0.22,0.0021,-0.2828,-0.4020,-0.0476,0.5630,0.2717,0.3586,-0.0309,0.0262,-0.0093,0.2554,0.3974,0.0925,-0.4645
0.24,0.0021,-0.2822,-0.3997,-0.0499,0.5583,0.2717,0.3586,-0.0309,0.0262,-0.0093,0.2560,0.3997,0.0925,-0.4668
0.26,0.0021,-0.2807,-0.3973,-0.0557,0.5502,0.2717,0.3586,-0.0309,0.0262,-0.0093,0.2575,0.4021,0.0925,-0.4692
0.28,0.0021,-0.2782,-0.3950,-0.0649,0.5387,0.2717,0.3586,-0.0309,0.0262,-0.0093,0.2600,0.4044,0.0925,-0.4715
0.30,0.0021,-0.2748,-0.3930,-0.0776,0.5240,0.2717,0.3586,-0.0309,0.0262,-0.0093,0.2634,0.4064,0.0925,-0.4735
0.32,0.0021,-0.2706,-0.3914,-0.0934,0.5067,0.2717,0.3586,-0.0309,0.0262,-0.0093,0.2676,0.4080,0.0925,-0.4751
0.34,0.0021,-0.2657,-0.3903,-0.1054,0.4935,0.2717,0.3586,-0.0309,0.0262,-0.0093,0.2725,0.4091,0.0861,-0.4826
0.36,0.0021,-0.2602,-0.3899,-0.1054,0.4931,0.2717,0.3586,-0.0309,0.0262,-0.0093,0.2780,0.4095,0.0656,-0.5035
0.38,0.0021,-0.2545,-0.3901,-0.1054,0.4933,0.2717,0.3586,-0.0309,0.0262,-0.0093,0.2837,0.4093,0.0440,-0.5249
0.40,0.0021,-0.2486,-0.3911,-0.1054,0.4943,0.2717,0.3586,-0.0309,0.0262,-0.0093,0.2896,0.4083,0.0220,-0.5459
0.42,0.0021,-0.2429,-0.3929,-0.1054,0.4961,0.2717,0.3586,-0.0309,0.0262,-0.0093,0.2953,0.4065,0.0006,-0.5654
0.44,0.0021,-0.2377,-0.3955,-0.1054,0.4987,0.2717,0.3586,-0.0309,0.0262,-0.0093,0.3005,0.4039,-0.0190,-0.5824
0.46,0.0021,-0.2332,-0.3988,-0.1054,0.5020,0.2717,0.3586,-0.0309,0.0262,-0.0093,0.3050,0.4006,-0.0358,-0.5960
0.48,0.0021,-0.2297,-0.4028,-0.1054,0.5060,0.2717,0.3586,-0.0309,0.0262,-0.0093,0.3085,0.3966,-0.0489,-0.6051
0.50,0.0021,-0.2274,-0.4073,-0.1054,0.5105,0.2717,0.3586,-0.0309,0.0262,-0.0093,0.3108,0.3921,-0.0575,-0.6092
0.52,0.0021,-0.2265,-0.4122,-0.1054,0.5154,0.2717,0.3586,-0.0309,0.0262,-0.0093,0.3117,0.3872,-0.0607,-0.6076
0.54,0.0021,-0.2272,-0.4172,-0.1054,0.5204,0.2717,0.3586,-0.0309,0.0262,-0.0093,0.3110,0.3822,-0.0581,-0.5999
0.56,0.0021,-0.2296,-0.4223,-0.1054,0.5255,0.2717,0.3586,-0.0309,0.0262,-0.0093,0.3086,0.3771,-0.0493,-0.5860
0.58,0.0021,-0.2336,-0.4272,-0.1054,0.5304,0.2717,0.3586,-0.0309,0.0262,-0.0093,0.3046,0.3722,-0.0343,-0.5662
0.60,0.0021,-0.2392,-0.4316,-0.1054,0.5348,0.2717,0.3586,-0.0309,0.0262,-0.0093,0.2990,0.3678,-0.0133,-0.5407
0.62,0.0021,-0.2463,-0.4353,-0.1054,0.5385,0.2717,0.3586,-0.0309,0.0262,-0.0093,0.2919,0.3641,0.0133,-0.5103
0.64,0.0021,-0.2547,-0.4383,-0.1054,0.5415,0.2717,0.3586,-0.0309,0.0262,-0.0093,0.2835,0.3611,0.0448,-0.4760
0.66,0.0021,-0.2641,-0.4402,-0.1054,0.5434,0.2717,0.3586,-0.0309,0.0262,-0.0093,0.2741,0.3592,0.0801,-0.4387
0.68,0.0021,-0.2742,-0.4410,-0.0798,0.5698,0.2717,0.3586,-0.0309,0.0262,-0.0093,0.2640,0.3584,0.0925,-0.4255
0.70,0.0021,-0.2847,-0.4406,-0.0405,0.6087,0.2717,0.3586,-0.0309,0.0262,-0.0093,0.2535,0.3588,0.0925,-0.4259
0.72,0.0021,-0.2951,-0.4388,-0.0013,0.6461,0.2717,0.3586,-0.0309,0.0262,-0.0093,0.2431,0.3606,0.0925,-0.4277
0.74,0.0021,-0.3051,-0.4358,0.0361,0.6805,0.2717,0.3586,-0.0309,0.0262,-0.0093,0.2331,0.3636,0.0925,-0.4307
0.76,0.0021,-0.3142,-0.4315,0.0703,0.7104,0.2717,0.3586,-0.0309,0.0262,-0.0093,0.2240,0.3679,0.0925,-0.4350
0.78,0.0021,-0.3221,-0.4261,0.0997,0.7343,0.2717,0.3586,-0.0309,0.0262,-0.0093,0.2161,0.3733,0.0925,-0.4404
0.80,0.0021,-0.3283,-0.4197,0.1229,0.7511,0.2717,0.3586,-0.0309,0.0262,-0.0093,0.2099,0.3797,0.0925,-0.4468
0.82,0.0021,-0.3325,-0.4124,0.1387,0.7597,0.2717,0.3586,-0.0309,0.0262,-0.0093,0.2057,0.3870,0.0925,-0.4541
0.84,0.0021,-0.3345,-0.4047,0.1461,0.7594,0.2717,0.3586,-0.0309,0.0262,-0.0093,0.2037,0.3947,0.0925,-0.4618
0.86,0.0021,-0.3340,-0.3966,0.1445,0.7497,0.2717,0.3586,-0.0309,0.0262,-0.0093,0.2042,0.4028,0.0925,-0.4699
0.88,0.0021,-0.3311,-0.3886,0.1335,0.7306,0.2717,0.3586,-0.0309,0.0262,-0.0093,0.2071,0.4108,0.0925,-0.4779
0.90,0.0021,-0.3256,-0.3808,0.1130,0.7025,0.2717,0.3586,-0.0309,0.0262,-0.0093,0.2126,0.4186,0.0925,-0.4857
0.92,0.0021,-0.3178,-0.3738,0.0835,0.6659,0.2717,0.3586,-0.0309,0.0262,-0.0093,0.2204,0.4256,0.0925,-0.4927
0.94,0.0021,-0.3077,-0.3676,0.0457,0.6219,0.2717,0.3586,-0.0309,0.0262,-0.0093,0.2305,0.4318,0.0925,-0.4989
0.96,0.0021,-0.2957,-0.3627,0.0006,0.5719,0.2717,0.3586,-0.0309,0.0262,-0.0093,0.2425,0.4367,0.0925,-0.5038
0.98,0.0021,-0.2821,-0.3592,-0.0503,0.5175,0.2717,0.3586,-0.0309,0.0262,-0.0093,0.2561,0.4402,0.0925,-0.5073
1.00,0.0021,-0.2674,-0.3573,-0.1054,0.4605,0.2717,0.3586,-0.0309,0.0262,-0.0093,0.2708,0.4421,0.0925,-0.5092
1.02,0.0021,-0.2524,-0.3582,-0.1054,0.4614,0.2717,0.3586,-0.0309,0.0262,-0.0093,0.2858,0.4412,0.0363,-0.5645
1.04,0.0021,-0.2380,-0.3608,-0.1054,0.4640,0.2717,0.3586,-0.0309,0.0262,-0.0093,0.3002,0.4386,-0.0179,-0.6161
1.06,0.0021,-0.2245,-0.3651,-0.1054,0.4683,0.2717,0.3586,-0.0309,0.0262,-0.0093,0.3137,0.4343,-0.0682,-0.6622
1.08,0.0021,-0.2126,-0.3709,-0.1054,0.4741,0.2717,0.3586,-0.0309,0.0262,-0.0093,0.3256,0.4285,-0.1129,-0.7010
1.10,0.0021,-0.2027,-0.3779,-0.1054,0.4811,0.2717,0.3586,-0.0309,0.0262,-0.0093,0.3355,0.4215,-0.1502,-0.7313
1.12,0.0021,-0.1950,-0.3860,-0.1054,0.4892,0.2717,0.3586,-0.0309,0.0262,-0.0093,0.3432,0.4134,-0.1789,-0.7519
1.14,0.0021,-0.1899,-0.3949,-0.1054,0.4981,0.2717,0.3586,-0.0309,0.0262,-0.0093,0.3483,0.4045,-0.1981,-0.7622
1.16,0.0021,-0.1876,-0.4042,-0.1054,0.5074,0.2717,0.3586,-0.0309,0.0262,-0.0093,0.3506,0.3952,-0.2069,-0.7617
1.18,0.0021,-0.1880,-0.4136,-0.1054,0.5168,0.2717,0.3586,-0.0309,0.0262,-0.0093,0.3502,0.3858,-0.2051,-0.7506
1.20,0.0021,-0.1913,-0.4228,-0.1054,0.5260,0.2717,0.3586,-0.0309,0.0262,-0.0093,0.3469,0.3766,-0.1928,-0.7291
1.22,0.0021,-0.1973,-0.4314,-0.1054,0.5346,0.2717,0.3586,-0.0309,0.0262,-0.0093,0.3409,0.3680,-0.1704,-0.6980
1.24,0.0021,-0.2058,-0.4392,-0.1054,0.5424,0.2717,0.3586,-0.0309,0.0262,-0.0093,0.3324,0.3602,-0.1387,-0.6585
1.26,0.0021,-0.2164,-0.4458,-0.1054,0.5490,0.2717,0.3586,-0.0309,0.0262,-0.0093,0.3218,0.3536,-0.0987,-0.6119
1.28,0.0021,-0.2289,-0.4511,-0.1054,0.5543,0.2717,0.3586,-0.0309,0.0262,-0.0093,0.3093,0.3483,-0.0520,-0.5599
1.30,0.0021,-0.2427,-0.4549,-0.1054,0.5581,0.2717,0.3586,-0.0309,0.0262,-0.0093,0.2955,0.3445,-0.0002,-0.5044
1.32,0.0021,-0.2574,-0.4569,-0.1054,0.5601,0.2717,0.3586,-0.0309,0.0262,-0.0093,0.2808,0.3425,0.0549,-0.4472
1.34,0.0021,-0.2724,-0.4572,-0.0866,0.5792,0.2717,0.3586,-0.0309,0.0262,-0.0093,0.2658,0.3422,0.0925,-0.4093
1.36,0.0021,-0.2873,-0.4557,-0.0308,0.6335,0.2717,0.3586,-0.0309,0.0262,-0.0093,0.2509,0.3437,0.0925,-0.4108
1.38,0.0021,-0.3015,-0.4525,0.0223,0.6835,0.2717,0.3586,-0.0309,0.0262,-0.0093,0.2367,0.3469,0.0925,-0.4140
1.40,0.0021,-0.3144,-0.4478,0.0709,0.7273,0.2717,0.3586,-0.0309,0.0262,-0.0093,0.2238,0.3516,0.0925,-0.4187
1.42,0.0021,-0.3257,-0.4415,0.1133,0.7634,0.2717,0.3586,-0.0309,0.0262,-0.0093,0.2125,0.3579,0.0925,-0.4250
1.44,0.0021,-0.3349,-0.4341,0.1479,0.7906,0.2717,0.3586,-0.0309,0.0262,-0.0093,0.2033,0.3653,0.0925,-0.4324
1.46,0.0021,-0.3418,-0.4257,0.1735,0.8078,0.2717,0.3586,-0.0309,0.0262,-0.0093,0.1964,0.3737,0.0925,-0.4408
1.48,0.0021,-0.3460,-0.4167,0.1893,0.8146,0.2717,0.3586,-0.0309,0.0262,-0.0093,0.1922,0.3827,0.0925,-0.4498
1.50,0.0021,-0.3474,-0.4073,0.1946,0.8105,0.2717,0.3586,-0.0309,0.0262,-0.0093,0.1908,0.3921,0.0925,-0.4592
1.52,0.0021,-0.3460,-0.3979,0.1893,0.7958,0.2717,0.3586,-0.0309,0.0262,-0.0093,0.1922,0.4015,0.0925,-0.4686
1.54,0.0021,-0.3418,-0.3889,0.1735,0.7710,0.2717,0.3586,-0.0309,0.0262,-0.0093,0.1964,0.4105,0.0925,-0.4776
1.56,0.0021,-0.3349,-0.3805,0.1479,0.7370,0.2717,0.3586,-0.0309,0.0262,-0.0093,0.2033,0.4189,0.0925,-0.4860
1.58,0.0021,-0.3257,-0.3731,0.1133,0.6950,0.2717,0.3586,-0.0309,0.0262,-0.0093,0.2125,0.4263,0.0925,-0.4934
1.60,0.0021,-0.3144,-0.3668,0.0709,0.6464,0.2717,0.3586,-0.0309,0.0262,-0.0093,0.2238,0.4326,0.0925,-0.4997
1.62,0.0021,-0.3015,-0.3621,0.0223,0.5930,0.2717,0.3586,-0.0309,0.0262,-0.0093,0.2367,0.4373,0.0925,-0.5044
1.64,0.0021,-0.2873,-0.3589,-0.0308,0.5367,0.2717,0.3586,-0.0309,0.0262,-0.0093,0.2509,0.4405,0.0925,-0.5076
1.66,0.0021,-0.2724,-0.3574,-0.0866,0.4794,0.2717,0.3586,-0.0309,0.0262,-0.0093,0.2658,0.4420,0.0925,-0.5091
1.68,0.0021,-0.2574,-0.3577,-0.1054,0.4609,0.2717,0.3586,-0.0309,0.0262,-0.0093,0.2808,0.4417,0.0549,-0.5464
1.70,0.0021,-0.2427,-0.3597,-0.1054,0.4629,0.2717,0.3586,-0.0309,0.0262,-0.0093,0.2955,0.4397,-0.0002,-0.5995
1.72,0.0021,-0.2289,-0.3635,-0.1054,0.4667,0.2717,0.3586,-0.0309,0.0262,-0.0093,0.3093,0.4359,-0.0520,-0.6475
1.74,0.0021,-0.2164,-0.3688,-0.1054,0.4720,0.2717,0.3586,-0.0309,0.0262,-0.0093,0.3218,0.4306,-0.0987,-0.6890
1.76,0.0021,-0.2058,-0.3754,-0.1054,0.4786,0.2717,0.3586,-0.0309,0.0262,-0.0093,0.3324,0.4240,-0.1387,-0.7222
1.78,0.0021,-0.1973,-0.3832,-0.1054,0.4864,0.2717,0.3586,-0.0309,0.0262,-0.0093,0.3409,0.4162,-0.1704,-0.7462
1.80,0.0021,-0.1913,-0.3918,-0.1054,0.4950,0.2717,0.3586,-0.0309,0.0262,-0.0093,0.3469,0.4076,-0.1928,-0.7600
1.82,0.0021,-0.1880,-0.4010,-0.1054,0.5042,0.2717,0.3586,-0.0309,0.0262,-0.0093,0.3502,0.3984,-0.2051,-0.7631
1.84,0.0021,-0.1876,-0.4104,-0.1054,0.5136,0.2717,0.3586,-0.0309,0.0262,-0.0093,0.3506,0.3890,-0.2069,-0.7555
1.86,0.0021,-0.1899,-0.4197,-0.1054,0.5229,0.2717,0.3586,-0.0309,0.0262,-0.0093,0.3483,0.3797,-0.1981,-0.7373
1.88,0.0021,-0.1950,-0.4286,-0.1054,0.5318,0.2717,0.3586,-0.0309,0.0262,-0.0093,0.3432,0.3708,-0.1789,-0.7094
1.90,0.0021,-0.2027,-0.4367,-0.1054,0.5399,0.2717,0.3586,-0.0309,0.0262,-0.0093,0.3355,0.3627,-0.1502,-0.6725
1.92,0.0021,-0.2126,-0.4437,-0.1054,0.5469,0.2717,0.3586,-0.0309,0.0262,-0.0093,0.3256,0.3557,-0.1129,-0.6281
1.94,0.0021,-0.2245,-0.4495,-0.1054,0.5527,0.2717,0.3586,-0.0309,0.0262,-0.0093,0.3137,0.3499,-0.0682,-0.5777
1.96,0.0021,-0.2380,-0.4538,-0.1054,0.5570,0.2717,0.3586,-0.0309,0.0262,-0.0093,0.3002,0.3456,-0.0179,-0.5231
1.98,0.0021,-0.2524,-0.4564,-0.1054,0.5596,0.2717,0.3586,-0.0309,0.0262,-0.0093,0.2858,0.3430,0.0363,-0.4663
2.00,0.0021,-0.2674,-0.4573,-0.1054,0.5605,0.2717,0.3586,-0.0309,0.0262,-0.0093,0.2708,0.3421,0.0925,-0.4092
2.02,0.0021,-0.2824,-0.4564,-0.0492,0.6158,0.2717,0.3586,-0.0309,0.0262,-0.0093,0.2558,0.3430,0.0925,-0.4101
2.04,0.0021,-0.2968,-0.4538,0.0050,0.6674,0.2717,0.3586,-0.0309,0.0262,-0.0093,0.2414,0.3456,0.0925,-0.4127
2.06,0.0021,-0.3103,-0.4495,0.0553,0.7135,0.2717,0.3586,-0.0309,0.0262,-0.0093,0.2279,0.3499,0.0925,-0.4170
2.08,0.0021,-0.3222,-0.4437,0.1000,0.7523,0.2717,0.3586,-0.0309,0.0262,-0.0093,0.2160,0.3557,0.0925,-0.4228
2.10,0.0021,-0.3321,-0.4367,0.1373,0.7826,0.2717,0.3586,-0.0309,0.0262,-0.0093,0.2061,0.3627,0.0925,-0.4298
2.12,0.0021,-0.3398,-0.4286,0.1660,0.8032,0.2717,0.3586,-0.0309,0.0262,-0.0093,0.1984,0.3708,0.0925,-0.4379
2.14,0.0021,-0.3449,-0.4197,0.1852,0.8135,0.2717,0.3586,-0.0309,0.0262,-0.0093,0.1933,0.3797,0.0925,-0.4468
2.16,0.0021,-0.3472,-0.4104,0.1940,0.8130,0.2717,0.3586,-0.0309,0.0262,-0.0093,0.1910,0.3890,0.0925,-0.4561
2.18,0.0021,-0.3468,-0.4010,0.1922,0.8019,0.2717,0.3586,-0.0309,0.0262,-0.0093,0.1914,0.3984,0.0925,-0.4655
2.20,0.0021,-0.3435,-0.3918,0.1799,0.7804,0.2717,0.3586,-0.0309,0.0262,-0.0093,0.1947,0.4076,0.0925,-0.4747
2.22,0.0021,-0.3375,-0.3832,0.1575,0.7493,0.2717,0.3586,-0.0309,0.0262,-0.0093,0.2007,0.4162,0.0925,-0.4833
2.24,0.0021,-0.3290,-0.3754,0.1258,0.7098,0.2717,0.3586,-0.0309,0.0262,-0.0093,0.2092,0.4240,0.0925,-0.4911
2.26,0.0021,-0.3184,-0.3688,0.0858,0.6632,0.2717,0.3586,-0.0309,0.0262,-0.0093,0.2198,0.4306,0.0925,-0.4977
2.28,0.0021,-0.3059,-0.3635,0.0391,0.6112,0.2717,0.3586,-0.0309,0.0262,-0.0093,0.2323,0.4359,0.0925,-0.5030
2.30,0.0021,-0.2921,-0.3597,-0.0127,0.5557,0.2717,0.3586,-0.0309,0.0262,-0.0093,0.2461,0.4397,0.0925,-0.5068
2.32,0.0021,-0.2774,-0.3577,-0.0678,0.4985,0.2717,0.3586,-0.0309,0.0262,-0.0093,0.2608,0.4417,0.0925,-0.5088
2.34,0.0021,-0.2624,-0.3574,-0.1054,0.4606,0.2717,0.3586,-0.0309,0.0262,-0.0093,0.2758,0.4420,0.0737,-0.5279
2.36,0.0021,-0.2475,-0.3589,-0.1054,0.4621,0.2717,0.3586,-0.0309,0.0262,-0.0093,0.2907,0.4405,0.0179,-0.5822
2.38,0.0021,-0.2333,-0.3621,-0.1054,0.4653,0.2717,0.3586,-0.0309,0.0262,-0.0093,0.3049,0.4373,-0.0352,-0.6322
2.40,0.0021,-0.2204,-0.3668,-0.1054,0.4700,0.2717,0.3586,-0.0309,0.0262,-0.0093,0.3178,0.4326,-0.0838,-0.6760
2.42,0.0021,-0.2091,-0.3731,-0.1054,0.4763,0.2717,0.3586,-0.0309,0.0262,-0.0093,0.3291,0.4263,-0.1262,-0.7121
2.44,0.0021,-0.1999,-0.3805,-0.1054,0.4837,0.2717,0.3586,-0.0309,0.0262,-0.0093,0.3383,0.4189,-0.1608,-0.7393
2.46,0.0021,-0.1930,-0.3889,-0.1054,0.4921,0.2717,0.3586,-0.0309,0.0262,-0.0093,0.3452,0.4105,-0.1864,-0.7565
2.48,0.0021,-0.1888,-0.3979,-0.1054,0.5011,0.2717,0.3586,-0.0309,0.0262,-0.0093,0.3494,0.4015,-0.2022,-0.7633
2.50,0.0021,-0.1874,-0.4073,-0.1054,0.5105,0.2717,0.3586,-0.0309,0.0262,-0.0093,0.3508,0.3921,-0.2075,-0.7592
2.52,0.0021,-0.1888,-0.4167,-0.1054,0.5199,0.2717,0.3586,-0.0309,0.0262,-0.0093,0.3494,0.3827,-0.2022,-0.7445
2.54,0.0021,-0.1930,-0.4257,-0.1054,0.5289,0.2717,0.3586,-0.0309,0.0262,-0.0093,0.3452,0.3737,-0.1864,-0.7197
2.56,0.0021,-0.1999,-0.4341,-0.1054,0.5373,0.2717,0.3586,-0.0309,0.0262,-0.0093,0.3383,0.3653,-0.1608,-0.6857
2.58,0.0021,-0.2091,-0.4415,-0.1054,0.5447,0.2717,0.3586,-0.0309,0.0262,-0.0093,0.3291,0.3579,-0.1262,-0.6437
2.60,0.0021,-0.2204,-0.4478,-0.1054,0.5510,0.2717,0.3586,-0.0309,0.0262,-0.0093,0.3178,0.3516,-0.0838,-0.5951
2.62,0.0021,-0.2333,-0.4525,-0.1054,0.5557,0.2717,0.3586,-0.0309,0.0262,-0.0093,0.3049,0.3469,-0.0352,-0.5417
2.64,0.0021,-0.2475,-0.4557,-0.1054,0.5589,0.2717,0.3586,-0.0309,0.0262,-0.0093,0.2907,0.3437,0.0179,-0.4854
2.66,0.0021,-0.2624,-0.4572,-0.1054,0.5604,0.2717,0.3586,-0.0309,0.0262,-0.0093,0.2758,0.3422,0.0737,-0.4281
2.68,0.0021,-0.2774,-0.4569,-0.0678,0.5977,0.2717,0.3586,-0.0309,0.0262,-0.0093,0.2608,0.3425,0.0925,-0.4096
2.70,0.0021,-0.2921,-0.4549,-0.0127,0.6508,0.2717,0.3586,-0.0309,0.0262,-0.0093,0.2461,0.3445,0.0925,-0.4116
2.72,0.0021,-0.3059,-0.4511,0.0391,0.6988,0.2717,0.3586,-0.0309,0.0262,-0.0093,0.2323,0.3483,0.0925,-0.4154
2.74,0.0021,-0.3184,-0.4458,0.0858,0.7403,0.2717,0.3586,-0.0309,0.0262,-0.0093,0.2198,0.3536,0.0925,-0.4207
2.76,0.0021,-0.3290,-0.4392,0.1258,0.7735,0.2717,0.3586,-0.0309,0.0262,-0.0093,0.2092,0.3602,0.0925,-0.4273
2.78,0.0021,-0.3375,-0.4314,0.1575,0.7975,0.2717,0.3586,-0.0309,0.0262,-0.0093,0.2007,0.3680,0.0925,-0.4351
2.80,0.0021,-0.3435,-0.4228,0.1799,0.8113,0.2717,0.3586,-0.0309,0.0262,-0.0093,0.1947,0.3766,0.0925,-0.4437
2.82,0.0021,-0.3468,-0.4136,0.1922,0.8144,0.2717,0.3586,-0.0309,0.0262,-0.0093,0.1914,0.3858,0.0925,-0.4529
2.84,0.0021,-0.3472,-0.4042,0.1940,0.8068,0.2717,0.3586,-0.0309,0.0262,-0.0093,0.1910,0.3952,0.0925,-0.4623
2.86,0.0021,-0.3449,-0.3949,0.1852,0.7886,0.2717,0.3586,-0.0309,0.0262,-0.0093,0.1933,0.4045,0.0925,-0.4716
2.88,0.0021,-0.3398,-0.3860,0.1660,0.7607,0.2717,0.3586,-0.0309,0.0262,-0.0093,0.1984,0.4134,0.0925,-0.4805
2.90,0.0021,-0.3321,-0.3779,0.1373,0.7238,0.2717,0.3586,-0.0309,0.0262,-0.0093,0.2061,0.4215,0.0925,-0.4886
2.92,0.0021,-0.3222,-0.3709,0.1000,0.6794,0.2717,0.3586,-0.0309,0.0262,-0.0093,0.2160,0.4285,0.0925,-0.4956
2.94,0.0021,-0.3103,-0.3651,0.0553,0.6290,0.2717,0.3586,-0.0309,0.0262,-0.0093,0.2279,0.4343,0.0925,-0.5014
2.96,0.0021,-0.2968,-0.3608,0.0050,0.5744,0.2717,0.3586,-0.0309,0.0262,-0.0093,0.2414,0.4386,0.0925,-0.5057
2.98,0.0021,-0.2824,-0.3582,-0.0492,0.5176,0.2717,0.3586,-0.0309,0.0262,-0.0093,0.2558,0.4412,0.0925,-0.5083
3.00,0.0021,-0.2674,-0.3573,-0.1054,0.4605,0.2717,0.3586,-0.0309,0.0262,-0.0093,0.2708,0.4421,0.0925,-0.5092
3.02,0.0021,-0.2524,-0.3582,-0.1054,0.4614,0.2717,0.3586,-0.0309,0.0262,-0.0093,0.2858,0.4412,0.0363,-0.5645
3.04,0.0021,-0.2380,-0.3608,-0.1054,0.4640,0.2717,0.3586,-0.0309,0.0262,-0.0093,0.3002,0.4386,-0.0179,-0.6161
3.06,0.0021,-0.2245,-0.3651,-0.1054,0.4683,0.2717,0.3586,-0.0309,0.0262,-0.0093,0.3137,0.4343,-0.0682,-0.6622
3.08,0.0021,-0.2126,-0.3709,-0.1054,0.4741,0.2717,0.3586,-0.0309,0.0262,-0.0093,0.3256,0.4285,-0.1129,-0.7010
3.10,0.0021,-0.2027,-0.3779,-0.1054,0.4811,0.2717,0.3586,-0.0309,0.0262,-0.0093,0.3355,0.4215,-0.1502,-0.7313
3.12,0.0021,-0.1950,-0.3860,-0.1054,0.4892,0.2717,0.3586,-0.0309,0.0262,-0.0093,0.3432,0.4134,-0.1789,-0.7519
3.14,0.0021,-0.1899,-0.3949,-0.1054,0.4981,0.2717,0.3586,-0.0309,0.0262,-0.0093,0.3483,0.4045,-0.1981,-0.7622
3.16,0.0021,-0.1876,-0.4042,-0.1054,0.5074,0.2717,0.3586,-0.0309,0.0262,-0.0093,0.3506,0.3952,-0.2069,-0.7617
3.18,0.0021,-0.1880,-0.4136,-0.1054,0.5168,0.2717,0.3586,-0.0309,0.0262,-0.0093,0.3502,0.3858,-0.2051,-0.7506
3.20,0.0021,-0.1913,-0.4228,-0.1054,0.5260,0.2717,0.3586,-0.0309,0.0262,-0.0093,0.3469,0.3766,-0.1928,-0.7291
3.22,0.0021,-0.1973,-0.4314,-0.1054,0.5346,0.2717,0.3586,-0.0309,0.0262,-0.0093,0.3409,0.3680,-0.1704,-0.6980
3.24,0.0021,-0.2058,-0.4392,-0.1054,0.5424,0.2717,0.3586,-0.0309,0.0262,-0.0093,0.3324,0.3602,-0.1387,-0.6585
3.26,0.0021,-0.2164,-0.4458,-0.1054,0.5490,0.2717,0.3586,-0.0309,0.0262,-0.0093,0.3218,0.3536,-0.0987,-0.6119
3.28,0.0021,-0.2289,-0.4511,-0.1054,0.5543,0.2717,0.3586,-0.0309,0.0262,-0.0093,0.3093,0.3483,-0.0520,-0.5599
3.30,0.0021,-0.2427,-0.4549,-0.1054,0.5581,0.2717,0.3586,-0.0309,0.0262,-0.0093,0.2955,0.3445,-0.0002,-0.5044
3.32,0.0021,-0.2574,-0.4569,-0.1054,0.5601,0.2717,0.3586,-0.0309,0.0262,-0.0093,0.2808,0.3425,0.0549,-0.4472
3.34,0.0021,-0.2724,-0.4572,-0.0866,0.5792,0.2717,0.3586,-0.0309,0.0262,-0.0093,0.2658,0.3422,0.0925,-0.4093
3.36,0.0021,-0.2873,-0.4557,-0.0308,0.6335,0.2717,0.3586,-0.0309,0.0262,-0.0093,0.2509,0.3437,0.0925,-0.4108
3.38,0.0021,-0.3015,-0.4525,0.0223,0.6835,0.2717,0.3586,-0.0309,0.0262,-0.0093,0.2367,0.3469,0.0925,-0.4140
3.40,0.0021,-0.3144,-0.4478,0.0709,0.7273,0.2717,0.3586,-0.0309,0.0262,-0.0093,0.2238,0.3516,0.0925,-0.4187
3.42,0.0021,-0.3257,-0.4415,0.1133,0.7634,0.2717,0.3586,-0.0309,0.0262,-0.0093,0.2125,0.3579,0.0925,-0.4250
3.44,0.0021,-0.3349,-0.4341,0.1479,0.7906,0.2717,0.3586,-0.0309,0.0262,-0.0093,0.2033,0.3653,0.0925,-0.4324
3.46,0.0021,-0.3418,-0.4257,0.1735,0.8078,0.2717,0.3586,-0.0309,0.0262,-0.0093,0.1964,0.3737,0.0925,-0.4408
3.48,0.0021,-0.3460,-0.4167,0.1893,0.8146,0.2717,0.3586,-0.0309,0.0262,-0.0093,0.1922,0.3827,0.0925,-0.4498
3.50,0.0021,-0.3474,-0.4073,0.1946,0.8105,0.2717,0.3586,-0.0309,0.0262,-0.0093,0.1908,0.3921,0.0925,-0.4592
3.52,0.0021,-0.3460,-0.3979,0.1893,0.7958,0.2717,0.3586,-0.0309,0.0262,-0.0093,0.1922,0.4015,0.0925,-0.4686
3.54,0.0021,-0.3418,-0.3889,0.1735,0.7710,0.2717,0.3586,-0.0309,0.0262,-0.0093,0.1964,0.4105,0.0925,-0.4776
3.56,0.0021,-0.3349,-0.3805,0.1479,0.7370,0.2717,0.3586,-0.0309,0.0262,-0.0093,0.2033,0.4189,0.0925,-0.4860
3.58,0.0021,-0.3257,-0.3731,0.1133,0.6950,0.2717,0.3586,-0.0309,0.0262,-0.0093,0.2125,0.4263,0.0925,-0.4934
3.60,0.0021,-0.3144,-0.3668,0.0709,0.6464,0.2717,0.3586,-0.0309,0.0262,-0.0093,0.2238,0.4326,0.0925,-0.4997
3.62,0.0021,-0.3015,-0.3621,0.0223,0.5930,0.2717,0.3586,-0.0309,0.0262,-0.0093,0.2367,0.4373,0.0925,-0.5044
3.64,0.0021,-0.2873,-0.3589,-0.0308,0.5367,0.2717,0.3586,-0.0309,0.0262,-0.0093,0.2509,0.4405,0.0925,-0.5076
3.66,0.0021,-0.2724,-0.3574,-0.0866,0.4794,0.2717,0.3586,-0.0309,0.0262,-0.0093,0.2658,0.4420,0.0925,-0.5091
3.68,0.0021,-0.2574,-0.3577,-0.1054,0.4609,0.2717,0.3586,-0.0309,0.0262,-0.0093,0.2808,0.4417,0.0549,-0.5464
3.70,0.0021,-0.2427,-0.3597,-0.1054,0.4629,0.2717,0.3586,-0.0309,0.0262,-0.0093,0.2955,0.4397,-0.0002,-0.5995
3.72,0.0021,-0.2289,-0.3635,-0.1054,0.4667,0.2717,0.3586,-0.0309,0.0262,-0.0093,0.3093,0.4359,-0.0520,-0.6475
3.74,0.0021,-0.2164,-0.3688,-0.1054,0.4720,0.2717,0.3586,-0.0309,0.0262,-0.0093,0.3218,0.4306,-0.0987,-0.6890
3.76,0.0021,-0.2058,-0.3754,-0.1054,0.4786,0.2717,0.3586,-0.0309,0.0262,-0.0093,0.3324,0.4240,-0.1387,-0.7222
3.78,0.0021,-0.1973,-0.3832,-0.1054,0.4864,0.2717,0.3586,-0.0309,0.0262,-0.0093,0.3409,0.4162,-0.1704,-0.7462
3.80,0.0021,-0.1913,-0.3918,-0.1054,0.4950,0.2717,0.3586,-0.0309,0.0262,-0.0093,0.3469,0.4076,-0.1928,-0.7600
3.82,0.0021,-0.1880,-0.4010,-0.1054,0.5042,0.2717,0.3586,-0.0309,0.0262,-0.0093,0.3502,0.3984,-0.2051,-0.7631
3.84,0.0021,-0.1876,-0.4104,-0.1054,0.5136,0.2717,0.3586,-0.0309,0.0262,-0.0093,0.3506,0.3890,-0.2069,-0.7555
3.86,0.0021,-0.1899,-0.4197,-0.1054,0.5229,0.2717,0.3586,-0.0309,0.0262,-0.0093,0.3483,0.3797,-0.1981,-0.7373
3.88,0.0021,-0.1950,-0.4286,-0.1054,0.5318,0.2717,0.3586,-0.0309,0.0262,-0.0093,0.3432,0.3708,-0.1789,-0.7094
3.90,0.0021,-0.2027,-0.4367,-0.1054,0.5399,0.2717,0.3586,-0.0309,0.0262,-0.0093,0.3355,0.3627,-0.1502,-0.6725
3.92,0.0021,-0.2126,-0.4437,-0.1054,0.5469,0.2717,0.3586,-0.0309,0.0262,-0.0093,0.3256,0.3557,-0.1129,-0.6281
3.94,0.0021,-0.2245,-0.4495,-0.1054,0.5527,0.2717,0.3586,-0.0309,0.0262,-0.0093,0.3137,0.3499,-0.0682,-0.5777
3.96,0.0021,-0.2380,-0.4538,-0.1054,0.5570,0.2717,0.3586,-0.0309,0.0262,-0.0093,0.3002,0.3456,-0.0179,-0.5231
3.98,0.0021,-0.2524,-0.4564,-0.1054,0.5596,0.2717,0.3586,-0.0309,0.0262,-0.0093,0.2858,0.3430,0.0363,-0.4663
4.00,0.0021,-0.2674,-0.4573,-0.1054,0.5605,0.2717,0.3586,-0.0309,0.0262,-0.0093,0.2708,0.3421,0.0925,-0.4092
4.02,0.0021,-0.2824,-0.4564,-0.0492,0.6158,0.2717,0.3586,-0.0309,0.0262,-0.0093,0.2558,0.3430,0.0925,-0.4101
4.04,0.0021,-0.2968,-0.4538,0.0050,0.6674,0.2717,0.3586,-0.0309,0.0262,-0.0093,0.2414,0.3456,0.0925,-0.4127
4.06,0.0021,-0.3103,-0.4495,0.0553,0.7135,0.2717,0.3586,-0.0309,0.0262,-0.0093,0.2279,0.3499,0.0925,-0.4170
4.08,0.0021,-0.3222,-0.4437,0.1000,0.7523,0.2717,0.3586,-0.0309,0.0262,-0.0093,0.2160,0.3557,0.0925,-0.4228
4.10,0.0021,-0.3321,-0.4367,0.1373,0.7826,0.2717,0.3586,-0.0309,0.0262,-0.0093,0.2061,0.3627,0.0925,-0.4298
4.12,0.0021,-0.3398,-0.4286,0.1660,0.8032,0.2717,0.3586,-0.0309,0.0262,-0.0093,0.1984,0.3708,0.0925,-0.4379
4.14,0.0021,-0.3449,-0.4197,0.1852,0.8135,0.2717,0.3586,-0.0309,0.0262,-0.0093,0.1933,0.3797,0.0925,-0.4468
4.16,0.0021,-0.3472,-0.4104,0.1940,0.8130,0.2717,0.3586,-0.0309,0.0262,-0.0093,0.1910,0.3890,0.0925,-0.4561
4.18,0.0021,-0.3468,-0.4010,0.1922,0.8019,0.2717,0.3586,-0.0309,0.0262,-0.0093,0.1914,0.3984,0.0925,-0.4655
4.20,0.0021,-0.3435,-0.3918,0.1799,0.7804,0.2717,0.3586,-0.0309,0.0262,-0.0093,0.1947,0.4076,0.0925,-0.4747
4.22,0.0021,-0.3375,-0.3832,0.1575,0.7493,0.2717,0.3586,-0.0309,0.0262,-0.0093,0.2007,0.4162,0.0925,-0.4833
4.24,0.0021,-0.3290,-0.3754,0.1258,0.7098,0.2717,0.3586,-0.0309,0.0262,-0.0093,0.2092,0.4240,0.0925,-0.4911
4.26,0.0021,-0.3184,-0.3688,0.0858,0.6632,0.2717,0.3586,-0.0309,0.0262,-0.0093,0.2198,0.4306,0.0925,-0.4977
4.28,0.0021,-0.3059,-0.3635,0.0391,0.6112,0.2717,0.3586,-0.0309,0.0262,-0.0093,0.2323,0.4359,0.0925,-0.5030
4.30,0.0021,-0.2921,-0.3597,-0.0127,0.5557,0.2717,0.3586,-0.0309,0.0262,-0.0093,0.2461,0.4397,0.0925,-0.5068
4.32,0.0021,-0.2774,-0.3577,-0.0678,0.4985,0.2717,0.3586,-0.0309,0.0262,-0.0093,0.2608,0.4417,0.0925,-0.5088
4.34,0.0021,-0.2624,-0.3574,-0.1054,0.4606,0.2717,0.3586,-0.0309,0.0262,-0.0093,0.2758,0.4420,0.0737,-0.5279
4.36,0.0021,-0.2475,-0.3589,-0.1054,0.4621,0.2717,0.3586,-0.0309,0.0262,-0.0093,0.2907,0.4405,0.0179,-0.5822
4.38,0.0021,-0.2333,-0.3621,-0.1054,0.4653,0.2717,0.3586,-0.0309,0.0262,-0.0093,0.3049,0.4373,-0.0352,-0.6322
4.40,0.0021,-0.2204,-0.3668,-0.1054,0.4700,0.2717,0.3586,-0.0309,0.0262,-0.0093,0.3178,0.4326,-0.0838,-0.6760
4.42,0.0021,-0.2091,-0.3731,-0.1054,0.4763,0.2717,0.3586,-0.0309,0.0262,-0.0093,0.3291,0.4263,-0.1262,-0.7121
4.44,0.0021,-0.1999,-0.3805,-0.1054,0.4837,0.2717,0.3586,-0.0309,0.0262,-0.0093,0.3383,0.4189,-0.1608,-0.7393
4.46,0.0021,-0.1930,-0.3889,-0.1054,0.4921,0.2717,0.3586,-0.0309,0.0262,-0.0093,0.3452,0.4105,-0.1864,-0.7565
4.48,0.0021,-0.1888,-0.3979,-0.1054,0.5011,0.2717,0.3586,-0.0309,0.0262,-0.0093,0.3494,0.4015,-0.2022,-0.7633
4.50,0.0021,-0.1874,-0.4073,-0.1054,0.5105,0.2717,0.3586,-0.0309,0.0262,-0.0093,0.3508,0.3921,-0.2075,-0.7592
4.52,0.0021,-0.1888,-0.4167,-0.1054,0.5199,0.2717,0.3586,-0.0309,0.0262,-0.0093,0.3494,0.3827,-0.2022,-0.7445
4.54,0.0021,-0.1930,-0.4257,-0.1054,0.5289,0.2717,0.3586,-0.0309,0.0262,-0.0093,0.3452,0.3737,-0.1864,-0.7197
4.56,0.0021,-0.1999,-0.4341,-0.1054,0.5373,0.2717,0.3586,-0.0309,0.0262,-0.0093,0.3383,0.3653,-0.1608,-0.6857
4.58,0.0021,-0.2091,-0.4415,-0.1054,0.5447,0.2717,0.3586,-0.0309,0.0262,-0.0093,0.3291,0.3579,-0.1262,-0.6437
4.60,0.0021,-0.2204,-0.4478,-0.1054,0.5510,0.2717,0.3586,-0.0309,0.0262,-0.0093,0.3178,0.3516,-0.0838,-0.5951
4.62,0.0021,-0.2333,-0.4525,-0.1054,0.5557,0.2717,0.3586,-0.0309,0.0262,-0.0093,0.3049,0.3469,-0.0352,-0.5417
4.64,0.0021,-0.2475,-0.4557,-0.1054,0.5589,0.2717,0.3586,-0.0309,0.0262,-0.0093,0.2907,0.3437,0.0179,-0.4854
4.66,0.0021,-0.2624,-0.4572,-0.1054,0.5604,0.2717,0.3586,-0.0309,0.0262,-0.0093,0.2758,0.3422,0.0737,-0.4281
4.68,0.0021,-0.2774,-0.4569,-0.0678,0.5977,0.2717,0.3586,-0.0309,0.0262,-0.0093,0.2608,0.3425,0.0925,-0.4096
4.70,0.0021,-0.2921,-0.4549,-0.0127,0.6508,0.2717,0.3586,-0.0309,0.0262,-0.0093,0.2461,0.3445,0.0925,-0.4116
4.72,0.0021,-0.3059,-0.4511,0.0391,0.6988,0.2717,0.3586,-0.0309,0.0262,-0.0093,0.2323,0.3483,0.0925,-0.4154
4.74,0.0021,-0.3184,-0.4458,0.0858,0.7403,0.2717,0.3586,-0.0309,0.0262,-0.0093,0.2198,0.3536,0.0925,-0.4207
4.76,0.0021,-0.3290,-0.4392,0.1258,0.7735,0.2717,0.3586,-0.0309,0.0262,-0.0093,0.2092,0.3602,0.0925,-0.4273
4.78,0.0021,-0.3375,-0.4314,0.1575,0.7975,0.2717,0.3586,-0.0309,0.0262,-0.0093,0.2007,0.3680,0.0925,-0.4351
4.80,0.0021,-0.3435,-0.4228,0.1799,0.8113,0.2717,0.3586,-0.0309,0.0262,-0.0093,0.1947,0.3766,0.0925,-0.4437
4.82,0.0021,-0.3468,-0.4136,0.1922,0.8144,0.2717,0.3586,-0.0309,0.0262,-0.0093,0.1914,0.3858,0.0925,-0.4529
4.84,0.0021,-0.3472,-0.4042,0.1940,0.8068,0.2717,0.3586,-0.0309,0.0262,-0.0093,0.1910,0.3952,0.0925,-0.4623
4.86,0.0021,-0.3449,-0.3949,0.1852,0.7886,0.2717,0.3586,-0.0309,0.0262,-0.0093,0.1933,0.4045,0.0925,-0.4716
4.88,0.0021,-0.3398,-0.3860,0.1660,0.7607,0.2717,0.3586,-0.0309,0.0262,-0.0093,0.1984,0.4134,0.0925,-0.4805
4.90,0.0021,-0.3321,-0.3779,0.1373,0.7238,0.2717,0.3586,-0.0309,0.0262,-0.0093,0.2061,0.4215,0.0925,-0.4886
4.92,0.0021,-0.3222,-0.3709,0.1000,0.6794,0.2717,0.3586,-0.0309,0.0262,-0.0093,0.2160,0.4285,0.0925,-0.4956
4.94,0.0021,-0.3103,-0.3651,0.0553,0.6290,0.2717,0.3586,-0.0309,0.0262,-0.0093,0.2279,0.4343,0.0925,-0.5014
4.96,0.0021,-0.2968,-0.3608,0.0050,0.5744,0.2717,0.3586,-0.0309,0.0262,-0.0093,0.2414,0.4386,0.0925,-0.5057
4.98,0.0021,-0.2824,-0.3582,-0.0492,0.5176,0.2717,0.3586,-0.0309,0.0262,-0.0093,0.2558,0.4412,0.0925,-0.5083
5.00,0.0021,-0.2674,-0.3573,-0.1054,0.4605,0.2717,0.3586,-0.0309,0.0262,-0.0093,0.2708,0.4421,0.0925,-0.5092
5.02,0.0021,-0.2524,-0.3582,-0.1054,0.4614,0.2717,0.3586,-0.0309,0.0262,-0.0093,0.2858,0.4412,0.0363,-0.5645
5.04,0.0021,-0.2380,-0.3608,-0.1054,0.4640,0.2717,0.3586,-0.0309,0.0262,-0.0093,0.3002,0.4386,-0.0179,-0.6161
5.06,0.0021,-0.2245,-0.3651,-0.1054,0.4683,0.2717,0.3586,-0.0309,0.0262,-0.0093,0.3137,0.4343,-0.0682,-0.6622
5.08,0.0021,-0.2126,-0.3709,-0.1054,0.4741,0.2717,0.3586,-0.0309,0.0262,-0.0093,0.3256,0.4285,-0.1129,-0.7010
5.10,0.0021,-0.2027,-0.3779,-0.1054,0.4811,0.2717,0.3586,-0.0309,0.0262,-0.0093,0.3355,0.4215,-0.1502,-0.7313
5.12,0.0021,-0.1950,-0.3860,-0.1054,0.4892,0.2717,0.3586,-0.0309,0.0262,-0.0093,0.3432,0.4134,-0.1789,-0.7519
5.14,0.0021,-0.1899,-0.3949,-0.1054,0.4981,0.2717,0.3586,-0.0309,0.0262,-0.0093,0.3483,0.4045,-0.1981,-0.7622
5.16,0.0021,-0.1876,-0.4042,-0.1054,0.5074,0.2717,0.3586,-0.0309,0.0262,-0.0093,0.3506,0.3952,-0.2069,-0.7617
5.18,0.0021,-0.1880,-0.4136,-0.1054,0.5168,0.2717,0.3586,-0.0309,0.0262,-0.0093,0.3502,0.3858,-0.2051,-0.7506
5.20,0.0021,-0.1913,-0.4228,-0.1054,0.5260,0.2717,0.3586,-0.0309,0.0262,-0.0093,0.3469,0.3766,-0.1928,-0.7291
5.22,0.0021,-0.1973,-0.4314,-0.1054,0.5346,0.2717,0.3586,-0.0309,0.0262,-0.0093,0.3409,0.3680,-0.1704,-0.6980
5.24,0.0021,-0.2058,-0.4392,-0.1054,0.5424,0.2717,0.3586,-0.0309,0.0262,-0.0093,0.3324,0.3602,-0.1387,-0.6585
5.26,0.0021,-0.2164,-0.4458,-0.1054,0.5490,0.2717,0.3586,-0.0309,0.0262,-0.0093,0.3218,0.3536,-0.0987,-0.6119
5.28,0.0021,-0.2289,-0.4511,-0.1054,0.5543,0.2717,0.3586,-0.0309,0.0262,-0.0093,0.3093,0.3483,-0.0520,-0.5599
5.30,0.0021,-0.2427,-0.4549,-0.1054,0.5581,0.2717,0.3586,-0.0309,0.0262,-0.0093,0.2955,0.3445,-0.0002,-0.5044
5.32,0.0021,-0.2574,-0.4569,-0.1054,0.5601,0.2717,0.3586,-0.0309,0.0262,-0.0093,0.2808,0.3425,0.0549,-0.4472
5.34,0.0021,-0.2724,-0.4572,-0.0866,0.5792,0.2717,0.3586,-0.0309,0.0262,-0.0093,0.2658,0.3422,0.0925,-0.4093
5.36,0.0021,-0.2873,-0.4557,-0.0308,0.6335,0.2717,0.3586,-0.0309,0.0262,-0.0093,0.2509,0.3437,0.0925,-0.4108
5.38,0.0021,-0.3015,-0.4525,0.0223,0.6835,0.2717,0.3586,-0.0309,0.0262,-0.0093,0.2367,0.3469,0.0925,-0.4140
5.40,0.0021,-0.3144,-0.4478,0.0709,0.7273,0.2717,0.3586,-0.0309,0.0262,-0.0093,0.2238,0.3516,0.0925,-0.4187
5.42,0.0021,-0.3257,-0.4415,0.1133,0.7634,0.2717,0.3586,-0.0309,0.0262,-0.0093,0.2125,0.3579,0.0925,-0.4250
5.44,0.0021,-0.3349,-0.4341,0.1479,0.7906,0.2717,0.3586,-0.0309,0.0262,-0.0093,0.2033,0.3653,0.0925,-0.4324
5.46,0.0021,-0.3418,-0.4257,0.1735,0.8078,0.2717,0.3586,-0.0309,0.0262,-0.0093,0.1964,0.3737,0.0925,-0.4408
5.48,0.0021,-0.3460,-0.4167,0.1893,0.8146,0.2717,0.3586,-0.0309,0.0262,-0.0093,0.1922,0.3827,0.0925,-0.4498
5.50,0.0021,-0.3474,-0.4073,0.1946,0.8105,0.2717,0.3586,-0.0309,0.0262,-0.0093,0.1908,0.3921,0.0925,-0.4592
5.52,0.0021,-0.3460,-0.3979,0.1893,0.7958,0.2717,0.3586,-0.0309,0.0262,-0.0093,0.1922,0.4015,0.0925,-0.4686
5.54,0.0021,-0.3418,-0.3889,0.1735,0.7710,0.2717,0.3586,-0.0309,0.0262,-0.0093,0.1964,0.4105,0.0925,-0.4776
5.56,0.0021,-0.3349,-0.3805,0.1479,0.7370,0.2717,0.3586,-0.0309,0.0262,-0.0093,0.2033,0.4189,0.0925,-0.4860
5.58,0.0021,-0.3257,-0.3731,0.1133,0.6950,0.2717,0.3586,-0.0309,0.0262,-0.0093,0.2125,0.4263,0.0925,-0.4934
5.60,0.0021,-0.3144,-0.3668,0.0709,0.6464,0.2717,0.3586,-0.0309,0.0262,-0.0093,0.2238,0.4326,0.0925,-0.4997
5.62,0.0021,-0.3015,-0.3621,0.0223,0.5930,0.2717,0.3586,-0.0309,0.0262,-0.0093,0.2367,0.4373,0.0925,-0.5044
5.64,0.0021,-0.2873,-0.3589,-0.0308,0.5367,0.2717,0.3586,-0.0309,0.0262,-0.0093,0.2509,0.4405,0.0925,-0.5076
5.66,0.0021,-0.2724,-0.3574,-0.0866,0.4794,0.2717,0.3586,-0.0309,0.0262,-0.0093,0.2658,0.4420,0.0925,-0.5091
5.68,0.0021,-0.2574,-0.3577,-0.1054,0.4609,0.2717,0.3586,-0.0309,0.0262,-0.0093,0.2808,0.4417,0.0549,-0.5464
5.70,0.0021,-0.2427,-0.3597,-0.1054,0.4629,0.2717,0.3586,-0.0309,0.0262,-0.0093,0.2955,0.4397,-0.0002,-0.5995
5.72,0.0021,-0.2289,-0.3635,-0.1054,0.4667,0.2717,0.3586,-0.0309,0.0262,-0.0093,0.3093,0.4359,-0.0520,-0.6475
5.74,0.0021,-0.2164,-0.3688,-0.1054,0.4720,0.2717,0.3586,-0.0309,0.0262,-0.0093,0.3218,0.4306,-0.0987,-0.6890
5.76,0.0021,-0.2058,-0.3754,-0.1054,0.4786,0.2717,0.3586,-0.0309,0.0262,-0.0093,0.3324,0.4240,-0.1387,-0.7222
5.78,0.0021,-0.1973,-0.3832,-0.1054,0.4864,0.2717,0.3586,-0.0309,0.0262,-0.0093,0.3409,0.4162,-0.1704,-0.7462
5.80,0.0021,-0.1913,-0.3918,-0.1054,0.4950,0.2717,0.3586,-0.0309,0.0262,-0.0093,0.3469,0.4076,-0.1928,-0.7600
5.82,0.0021,-0.1880,-0.4010,-0.1054,0.5042,0.2717,0.3586,-0.0309,0.0262,-0.0093,0.3502,0.3984,-0.2051,-0.7631
5.84,0.0021,-0.1876,-0.4104,-0.1054,0.5136,0.2717,0.3586,-0.0309,0.0262,-0.0093,0.3506,0.3890,-0.2069,-0.7555
5.86,0.0021,-0.1899,-0.4197,-0.1054,0.5229,0.2717,0.3586,-0.0309,0.0262,-0.0093,0.3483,0.3797,-0.1981,-0.7373
5.88,0.0021,-0.1950,-0.4286,-0.1054,0.5318,0.2717,0.3586,-0.0309,0.0262,-0.0093,0.3432,0.3708,-0.1789,-0.7094
5.90,0.0021,-0.2027,-0.4367,-0.1054,0.5399,0.2717,0.3586,-0.0309,0.0262,-0.0093,0.3355,0.3627,-0.1502,-0.6725
5.92,0.0021,-0.2126,-0.4437,-0.1054,0.5469,0.2717,0.3586,-0.0309,0.0262,-0.0093,0.3256,0.3557,-0.1129,-0.6281
5.94,0.0021,-0.2245,-0.4495,-0.1054,0.5527,0.2717,0.3586,-0.0309,0.0262,-0.0093,0.3137,0.3499,-0.0682,-0.5777
5.96,0.0021,-0.2380,-0.4538,-0.1054,0.5570,0.2717,0.3586,-0.0309,0.0262,-0.0093,0.3002,0.3456,-0.0179,-0.5231
5.98,0.0021,-0.2524,-0.4564,-0.1054,0.5596,0.2717,0.3586,-0.0309,0.0262,-0.0093,0.2858,0.3430,0.0363,-0.4663
